{
    "m_Points": [
        {
            "position": {
                "x": -0.22908619046211244,
                "y": 1.1419153213500977,
                "z": -1.9767074584960938
            },
            "rotation": {
                "x": -0.3184046149253845,
                "y": 0.03752407431602478,
                "z": -0.012612792663276196,
                "w": -0.9471279978752136
            },
            "speed": 0.5
        },
        {
            "position": {
                "x": 0.05284036695957184,
                "y": 1.3428151607513428,
                "z": -1.134087324142456
            },
            "rotation": {
                "x": -0.3997515141963959,
                "y": 0.015671484172344209,
                "z": -0.006833639461547136,
                "w": -0.91646409034729
            },
            "speed": 0.5
        },
        {
            "position": {
                "x": 0.009344503283500672,
                "y": 1.49739408493042,
                "z": -0.08498265594244003
            },
            "rotation": {
                "x": -0.6958129405975342,
                "y": 0.01658470369875431,
                "z": -0.01607309840619564,
                "w": -0.7178516387939453
            },
            "speed": 0.5
        }
    ],
    "rotationInterpolationMixFactor": 0.3333333432674408
}